##analysisDate=2023-04-23-16-46-52-000																																																																				
##analyzedBy=ROMERO GARCIA,RAQUEL																																																																				
##exportDate=2023-04-24-07-43-35-201																																																																				
##analysisName=Caso3_TFM																																																																				
##workflowName=Oncomine Focus - 520 - w3.2 - DNA and Fusions - Single Sample																																																																				
##sampleNames=Caso3_DNA:Caso3_RNA																																																																				
##reference=hg19																																																																				
##variantGroup=DEFAULT																																																																				
##filterChain=asistencial_OFA_DNA_CNVs																																																																				
##searchText=																																																																				
##chromosome=All																																																																				
##totalVariantCount=1726																																																																				
##filterInCount=46																																																																				
##filteredOutCount=1680																																																																				
##hiddenVariantCount=0																																																																				
Locus	Genotype	Filter	Ref	Observed Allele	Type	Subtype	No Call Reason	CNV P-Value	Genes	Location	Length	Oncomine Variant Class	Oncomine Gene Class	Copy Number	CytoBand	Info	Variant ID	Variant Name	Allele Frequency %	Amino Acid Change	Read Counts	Coverage	Allele Ratio	CNV Confidence	Genes (Exons)	Detection	3'/5' Imbalance	Ratio To Wild Type	Norm Count Within Gene	COSMIC/NCBI	Read Counts Per Million	Strand	Exon	Transcript	Coding	Variant Effect	PhyloP	SIFT	Grantham	PolyPhen	PFAM	dbSNP	DGV	MAF	EMAF	AMAF	GMAF	UCSC Common SNPs	ExAC LAF	ExAC EAAF	ExAC OAF	ExAC EFAF	ExAC SAAF	ExAC ENFAF	ExAC AAF	ExAC GAF	Gene Ontology	DrugBank	ClinVar	P-Value	Phred QUAL Score	Raw Coverage	Allele Coverage	CNV Precision	Ref+/Ref-/Var+/Var-	Homopolymer Length	Tiles	Subset of
chr1:11174373		PASS		<CNV>	CNV			0,7363	MTOR		42938			1,84	1p36.22(11174373-11217311)x1.84286		MTOR							5%:1.17, 95%:2.73	MTOR	Present																																			100						7	
chr1:65310460		PASS		<CNV>	CNV			1	JAK1		1947			2	1p31.3(65310460-65312407)x2		JAK1							5%:0.99, 95%:3.56	JAK1	Present																																			100						3	
chr1:115252191		PASS		<CNV>	CNV			0,3442	NRAS		6583			1,37	1p13.2(115252191-115258774)x1.37143		NRAS							5%:0.58, 95%:2.59	NRAS	Present																																			100						3	
chr1:162724506		PASS		<CNV>	CNV			0,9635	DDR2		125			1,94	1q23.3(162724506-162724631)x1.94286		DDR2							5%:0.46, 95%:5.1	DDR2	Present																																			100						1	
chr2:16080663		PASS		<CNV>	CNV			0,8149	MYCN		5970			2,1	2p24.3(16080663-16086633)x2.1	HS	MYCN							5%:1.47, 95%:2.9	MYCN	Present																	dgv1102e212,nsv4519745																		100						10	
chr2:29416076		PASS		<CNV>	CNV			0,7649	ALK		81954			1,89	2p23.2(29416076-29498030)x1.88571	HS	ALK							5%:1.3, 95%:2.63	ALK	Present																	dgv1107e212,esv2719856,esv2759035,esv3374239,esv3447793,esv34904,esv3575211,esv3583699,esv3657505,esv9363,nsv1008490,nsv1110737,nsv1138762,nsv3366334,nsv3374765,nsv4052639,nsv4058122,nsv4066767,nsv4335876,nsv438237,nsv4519730,nsv455997,nsv4571371,nsv581254																		100						10	
chr2:209113104		PASS		<CNV>	CNV			0,583	IDH1		102			1,36	2q34(209113104-209113206)x1.35714		IDH1							5%:0.18, 95%:3.85	IDH1	Present																																			100						1	
chr2:212488708		PASS		<CNV>	CNV			0,7879	ERBB4		92			2,37	2q34(212488708-212488800)x2.37143		ERBB4							5%:0.66, 95%:6.01	ERBB4	Present																																			100						1	
chr3:12632342		PASS		<CNV>	CNV			0,9514	RAF1		13392			2,06	3p25.2(12632342-12645734)x2.05714		RAF1							5%:0.85, 95%:4.11	RAF1	Present																																			100						2	
chr3:41266030		PASS		<CNV>	CNV			0,3221	CTNNB1		117			3,64	3p22.1(41266030-41266147)x3.64286		CTNNB1							5%:1.26, 95%:8.72	CTNNB1	Present																																			100						1	
chr3:178916683		PASS		<CNV>	CNV			0,1791	PIK3CA		35414			2,61	3q26.32(178916683-178952097)x2.61429	HS	PIK3CA							5%:1.88, 95%:3.55	PIK3CA	Present																	dgv4999n100,dgv842n67,esv1007496,esv3665497,esv3665498,esv3674866,esv3893827,nsv1005062,nsv1161007,nsv4093573,nsv4323046,nsv4544988,nsv819800,nsv979905																		100						10	
chr3:182672772		PASS		<CNV>	CNV			0,3637	DCUN1D1		24241			1,51	3q26.33(182672772-182697013)x1.51429		DCUN1D1							5%:0.83, 95%:2.47	DCUN1D1	Present																																			100						5	
chr4:1797211		PASS		<CNV>	CNV			0,4958	FGFR3		12352			2,3	4p16.3(1797211-1809563)x2.3	HS	FGFR3							5%:1.63, 95%:3.15	FGFR3	Present																	dgv8901n54,dgv8902n54,esv2759218,nsv428434,nsv508989,nsv593339,nsv829836,nsv949756																		100						10	
chr4:55097715		PASS		<CNV>	CNV			0,5435	PDGFRA		64233			2,26	4q12(55097715-55161948)x2.25714	HS	PDGFRA							5%:1.6, 95%:3.1	PDGFRA	Present																	dgv5209n100,esv2763361,esv3569425,esv3569426,esv3666125,nsv1002905,nsv1008497,nsv1123794,nsv3379447,nsv3391377,nsv4106788,nsv4475462,nsv4476540,nsv4520844																		100						10	
chr4:55529117		PASS		<CNV>	CNV			0,9172	KIT		70245			2,04	4q12(55529117-55599362)x2.04286	HS	KIT							5%:1.43, 95%:2.82	KIT	Present																	dgv144n6,dgv5211n100,esv2727617,esv2727619,esv275029,esv275209,esv2763362,esv3569427,esv3671335,esv3674973,nsv1003338,nsv1009516,nsv1136855,nsv3390342,nsv4092999,nsv4099980,nsv4101217,nsv4101812,nsv4102726,nsv4106961,nsv4107786,nsv4476545,nsv4557605,nsv526344,nsv997430,nsv997954																		100						10	
chr5:112043351		PASS		<CNV>	CNV			0,8977	APC		132229			2,07	5q22.2(112043351-112175580)x2.07143		APC							5%:1.23, 95%:3.25	APC	Present																																			100						5	
chr5:176517312		PASS		<CNV>	CNV			0,12	FGFR4		7075			2,73	5q35.2(176517312-176524387)x2.72857	HS	FGFR4							5%:1.97, 95%:3.7	FGFR4	Present																	dgv363n21,esv3654432,nsv3379187,nsv3389355,nsv3392511,nsv3397531,nsv3397763,nsv3398827,nsv4114151,nsv482093,nsv509101,nsv521574,nsv823351																		100						10	
chr6:117638333		PASS		<CNV>	CNV			0,6641	ROS1		2814			1,63	6q22.1(117638333-117641147)x1.62857		ROS1							5%:0.6, 95%:3.38	ROS1	Present																																			100						2	
chr6:152419910		PASS		<CNV>	CNV			0,7675	ESR1		119			2,41	6q25.1(152419910-152420029)x2.41429		ESR1							5%:0.68, 95%:6.1	ESR1	Present																																			100						1	
chr7:55198956		PASS		<CNV>	CNV			0,06721	EGFR		60582			2,87	7p11.2(55198956-55259538)x2.87143	HS	EGFR							5%:2.08, 95%:3.88	EGFR	Present																	dgv2348n166,dgv3807e59,dgv6355n100,dgv6356n100,dgv6357n100,dgv6358n100,dgv6359n100,esv2590945,esv26220,esv2734425,esv3613234,esv3677179,esv5645,nsv1015816,nsv1030676,nsv3400912,nsv3405242,nsv3405752,nsv3407374,nsv3407764,nsv3408403,nsv3410972,nsv3412319,nsv3415023,nsv3415087,nsv366872,nsv4133629,nsv4135748,nsv4139204,nsv4142040,nsv4151732,nsv515544,nsv607031																		100						10	
chr7:116313480		PASS		<CNV>	CNV			0,9901	MET		121085			2	7q31.2(116313480-116434565)x2	HS	MET							5%:1.39, 95%:2.77	MET	Present																	esv1092803,esv274927,esv3667819,esv3688631,nsv1018515,nsv1024485,nsv1110498,nsv1146334,nsv3401224,nsv366908,nsv4157380,nsv4162787,nsv4479861,nsv4487447,nsv4490637,nsv4525183,nsv4551255,nsv4552390,nsv7405,nsv831107																		100						10	
chr7:128845493		PASS		<CNV>	CNV			0,6493	SMO		4870			1,71	7q32.1(128845493-128850363)x1.71429		SMO							5%:0.91, 95%:2.89	SMO	Present																																			100						4	
chr7:140434390		PASS		<CNV>	CNV			0,8944	BRAF		73475			1,94	7q34(140434390-140507865)x1.94286	HS	BRAF							5%:1.35, 95%:2.7	BRAF	Present																	esv3615242,esv3688827,nsv1015269,nsv1033652,nsv1124273,nsv3405740,nsv4152622,nsv4164608,nsv4480176,nsv4482346,nsv4495376,nsv831158																		100						10	
chr8:38271445		PASS		<CNV>	CNV			0,2497	FGFR1		43644			1,56	8p11.23p11.22(38271445-38315089)x1.55714	HS	FGFR1							5%:1.04, 95%:2.21	FGFR1	Present																	esv3616926,nsv1017064,nsv4163696,nsv4171253,nsv951128,nsv971299																		100						10	
chr8:128748885		PASS		<CNV>	CNV			0,0265	MYC		4376			3,09	8q24.21(128748885-128753261)x3.08571	HS	MYC							5%:2.25, 95%:4.15	MYC	Present																	esv2752208,esv3618781,nsv4164863,nsv4169112,nsv499795,nsv516713,nsv7419,nsv831458																		100						10	
chr9:5073730		PASS		<CNV>	CNV			0,05246	JAK2		127			0,31	9p24.1(5073730-5073857)x0.314286		JAK2							5%:0, 95%:1.64	JAK2	Present																																			100						1	
chr9:80409376		PASS		<CNV>	CNV			0,6368	GNAQ		3169			2,47	9q21.2(80409376-80412545)x2.47143		GNAQ							5%:1.09, 95%:4.82	GNAQ	Present																																			100						2	
chr10:43609067		PASS		<CNV>	CNV			0,7286	RET		8366			1,8	10q11.21(43609067-43617433)x1.8		RET							5%:1.04, 95%:2.87	RET	Present																																			100						5	
chr10:123247505		PASS		<CNV>	CNV			0,2754	FGFR2		106961			2,49	10q26.13(123247505-123354466)x2.48571	HS	FGFR2							5%:1.78, 95%:3.39	FGFR2	Present																	dgv981n100,dgv982n100,esv1049168,esv2676868,esv3624751,esv3652154,esv3675952,nsv1035944,nsv1039943,nsv1043313,nsv1113340,nsv3325693,nsv3326150,nsv3326151,nsv3326764,nsv3326765,nsv4202854,nsv4206732,nsv4210560,nsv4211301,nsv428239,nsv4495438,nsv4527504,nsv4552340,nsv4573697,nsv472204,nsv474251																		100						10	
chr11:533813		PASS		<CNV>	CNV			0,6623	HRAS		538			1,63	11p15.5(533813-534351)x1.62857		HRAS							5%:0.6, 95%:3.38	HRAS	Present																																			100						2	
chr11:69456942		PASS		<CNV>	CNV			0,5339	CCND1		10097			1,76	11q13.3(69456942-69467039)x1.75714	HS	CCND1							5%:1.2, 95%:2.46	CCND1	Present																	dgv16n68,esv2675336,nsv1070970,nsv1112608,nsv4210110,nsv555326,nsv825973,nsv825974																		100						10	
chr11:102234187		PASS		<CNV>	CNV			0,01359	BIRC2		14090			3,89	11q22.2(102234187-102248277)x3.88571		BIRC2							5%:2.53, 95%:5.79	BIRC2	Present																																			100						5	
chr12:25364761		PASS		<CNV>	CNV			0,08778	KRAS		35513			2,8	12p12.1(25364761-25400274)x2.8	HS	KRAS							5%:2.02, 95%:3.79	KRAS	Present																	esv3580196,nsv1048631,nsv4208188,nsv4527766,nsv470279,nsv522233,nsv557798																		100						10	
chr12:56477590		PASS		<CNV>	CNV			0,677	ERBB3		5062			2,26	12q13.2(56477590-56482652)x2.25714		ERBB3							5%:1.36, 95%:3.51	ERBB3	Present																																			100						5	
chr12:58142052		PASS		<CNV>	CNV			0,9036	CDK4		3974			2,06	12q14.1(58142052-58146026)x2.05714	HS	CDK4							5%:1.44, 95%:2.84	CDK4	Present																	nsv470296,nsv470297,nsv510601,nsv559045,nsv826384,nsv826386																		100						10	
chr14:105246446		PASS		<CNV>	CNV			0,4501	AKT1		137			3,19	14q32.33(105246446-105246583)x3.18571		AKT1							5%:1.04, 95%:7.74	AKT1	Present																																			100						1	
chr15:66727414		PASS		<CNV>	CNV			0,7353	MAP2K1		46785			1,76	15q22.31(66727414-66774199)x1.75714		MAP2K1							5%:0.83, 95%:3.19	MAP2K1	Present																																			100						3	
chr15:90631825		PASS		<CNV>	CNV			0,6885	IDH2		129			1,51	15q26.1(90631825-90631954)x1.51429		IDH2							5%:0.26, 95%:4.19	IDH2	Present																																			100						1	
chr17:29422233		PASS		<CNV>	CNV			0,1861	NF1		263294			1,16	17q11.2(29422233-29685527)x1.15714		NF1							5%:0.45, 95%:2.26	NF1	Present																																			100						3	
chr17:37868126		PASS		<CNV>	CNV			0,5577	ERBB2		15123			2,26	17q12(37868126-37883249)x2.25714	HS	ERBB2							5%:1.6, 95%:3.1	ERBB2	Present																	dgv40n68,esv275276,nsv1056234,nsv1146669,nsv2048,nsv4259385,nsv4262542,nsv574993																		100						10	
chr17:41203048		PASS		<CNV>	CNV			0,6385	BRCA1		73073			1,74	17q21.31(41203048-41276121)x1.74286		BRCA1							5%:1, 95%:2.79	BRCA1	Present																																			100						5	
chr19:3114967		PASS		<CNV>	CNV			0,9754	GNA11		4006			1,97	19p13.3(3114967-3118973)x1.97143		GNA11							5%:0.8, 95%:3.97	GNA11	Present																																			100						2	
chr19:4117518		PASS		<CNV>	CNV			0,7485	MAP2K2		127			1,61	19p13.3(4117518-4117645)x1.61429		MAP2K2							5%:0.3, 95%:4.4	MAP2K2	Present																																			100						1	
chr19:17945894		PASS		<CNV>	CNV			0,8124	JAK3		3297			1,83	19p13.11(17945894-17949191)x1.82857		JAK3							5%:0.88, 95%:3.3	JAK3	Present																																			100						3	
chrX:66776186		PASS		<CNV>	CNV			0,9647	AR		169044			1,99	Xq12(66776186-66945230)x1.98571	HS	AR							5%:1.41, 95%:2.71	AR	Present																	esv1584074,esv2758871,esv3558939,esv3574017,esv3670656,nsv4033697,nsv4036542,nsv4037525,nsv4040244,nsv4046117,nsv4573618,nsv4575493,nsv4578105,nsv818030																		100						11	
chrX:70339117		PASS		<CNV>	CNV			0,445	MED12		10151			1,37	Xq13.1(70339117-70349268)x1.37143		MED12							5%:0.45, 95%:2.94	MED12	Present																																			100						2	
